Workbook

Sheet Summary
A1: Test execution summary
A2: Prototype build tested on 16/10/2026. Counts are formulas over the Test Cases sheet and update if a status is changed.
A4: Status | B4: Count | C4: % of total
A5: Pass | B5: =COUNTIF('Test Cases'!$K$5:$K$42,A5) -> 38 | C5: =IFERROR(B5/$B$8,0) -> 1
A6: Fail | B6: =COUNTIF('Test Cases'!$K$5:$K$42,A6) -> 0 | C6: =IFERROR(B6/$B$8,0) -> 0
A7: Not Executed | B7: =COUNTIF('Test Cases'!$K$5:$K$42,A7) -> 0 | C7: =IFERROR(B7/$B$8,0) -> 0
A8: Total | B8: =SUM(B5:B7) -> 38 | C8: =SUM(C5:C7) -> 1
A10: By test area
A11: Test area | B11: Total | C11: Pass | D11: Fail | E11: Not Executed
A12: Successful booking | B12: =COUNTIF('Test Cases'!$B$5:$B$42,A12) -> 3 | C12: =COUNTIFS('Test Cases'!$B$5:$B$42,$A12,'Test Cases'!$K$5:$K$42,"Pass") -> 3 | D12: =COUNTIFS('Test Cases'!$B$5:$B$42,$A12,'Test Cases'!$K$5:$K$42,"Fail") -> 0 | E12: =COUNTIFS('Test Cases'!$B$5:$B$42,$A12,'Test Cases'!$K$5:$K$42,"Not Executed") -> 0
A13: Unavailable slot | B13: =COUNTIF('Test Cases'!$B$5:$B$42,A13) -> 3 | C13: =COUNTIFS('Test Cases'!$B$5:$B$42,$A13,'Test Cases'!$K$5:$K$42,"Pass") -> 3 | D13: =COUNTIFS('Test Cases'!$B$5:$B$42,$A13,'Test Cases'!$K$5:$K$42,"Fail") -> 0 | E13: =COUNTIFS('Test Cases'!$B$5:$B$42,$A13,'Test Cases'!$K$5:$K$42,"Not Executed") -> 0
A14: Double-booking prevention | B14: =COUNTIF('Test Cases'!$B$5:$B$42,A14) -> 2 | C14: =COUNTIFS('Test Cases'!$B$5:$B$42,$A14,'Test Cases'!$K$5:$K$42,"Pass") -> 2 | D14: =COUNTIFS('Test Cases'!$B$5:$B$42,$A14,'Test Cases'!$K$5:$K$42,"Fail") -> 0 | E14: =COUNTIFS('Test Cases'!$B$5:$B$42,$A14,'Test Cases'!$K$5:$K$42,"Not Executed") -> 0
A15: Invalid date/time | B15: =COUNTIF('Test Cases'!$B$5:$B$42,A15) -> 4 | C15: =COUNTIFS('Test Cases'!$B$5:$B$42,$A15,'Test Cases'!$K$5:$K$42,"Pass") -> 4 | D15: =COUNTIFS('Test Cases'!$B$5:$B$42,$A15,'Test Cases'!$K$5:$K$42,"Fail") -> 0 | E15: =COUNTIFS('Test Cases'!$B$5:$B$42,$A15,'Test Cases'!$K$5:$K$42,"Not Executed") -> 0
A16: Cancellation | B16: =COUNTIF('Test Cases'!$B$5:$B$42,A16) -> 4 | C16: =COUNTIFS('Test Cases'!$B$5:$B$42,$A16,'Test Cases'!$K$5:$K$42,"Pass") -> 4 | D16: =COUNTIFS('Test Cases'!$B$5:$B$42,$A16,'Test Cases'!$K$5:$K$42,"Fail") -> 0 | E16: =COUNTIFS('Test Cases'!$B$5:$B$42,$A16,'Test Cases'!$K$5:$K$42,"Not Executed") -> 0
A17: Rescheduling | B17: =COUNTIF('Test Cases'!$B$5:$B$42,A17) -> 4 | C17: =COUNTIFS('Test Cases'!$B$5:$B$42,$A17,'Test Cases'!$K$5:$K$42,"Pass") -> 4 | D17: =COUNTIFS('Test Cases'!$B$5:$B$42,$A17,'Test Cases'!$K$5:$K$42,"Fail") -> 0 | E17: =COUNTIFS('Test Cases'!$B$5:$B$42,$A17,'Test Cases'!$K$5:$K$42,"Not Executed") -> 0
A18: Login & role-based access | B18: =COUNTIF('Test Cases'!$B$5:$B$42,A18) -> 5 | C18: =COUNTIFS('Test Cases'!$B$5:$B$42,$A18,'Test Cases'!$K$5:$K$42,"Pass") -> 5 | D18: =COUNTIFS('Test Cases'!$B$5:$B$42,$A18,'Test Cases'!$K$5:$K$42,"Fail") -> 0 | E18: =COUNTIFS('Test Cases'!$B$5:$B$42,$A18,'Test Cases'!$K$5:$K$42,"Not Executed") -> 0
A19: Admin appointment management | B19: =COUNTIF('Test Cases'!$B$5:$B$42,A19) -> 1 | C19: =COUNTIFS('Test Cases'!$B$5:$B$42,$A19,'Test Cases'!$K$5:$K$42,"Pass") -> 1 | D19: =COUNTIFS('Test Cases'!$B$5:$B$42,$A19,'Test Cases'!$K$5:$K$42,"Fail") -> 0 | E19: =COUNTIFS('Test Cases'!$B$5:$B$42,$A19,'Test Cases'!$K$5:$K$42,"Not Executed") -> 0
A20: Doctor availability | B20: =COUNTIF('Test Cases'!$B$5:$B$42,A20) -> 6 | C20: =COUNTIFS('Test Cases'!$B$5:$B$42,$A20,'Test Cases'!$K$5:$K$42,"Pass") -> 6 | D20: =COUNTIFS('Test Cases'!$B$5:$B$42,$A20,'Test Cases'!$K$5:$K$42,"Fail") -> 0 | E20: =COUNTIFS('Test Cases'!$B$5:$B$42,$A20,'Test Cases'!$K$5:$K$42,"Not Executed") -> 0
A21: Admin doctor management | B21: =COUNTIF('Test Cases'!$B$5:$B$42,A21) -> 2 | C21: =COUNTIFS('Test Cases'!$B$5:$B$42,$A21,'Test Cases'!$K$5:$K$42,"Pass") -> 2 | D21: =COUNTIFS('Test Cases'!$B$5:$B$42,$A21,'Test Cases'!$K$5:$K$42,"Fail") -> 0 | E21: =COUNTIFS('Test Cases'!$B$5:$B$42,$A21,'Test Cases'!$K$5:$K$42,"Not Executed") -> 0
A22: Admin reporting | B22: =COUNTIF('Test Cases'!$B$5:$B$42,A22) -> 1 | C22: =COUNTIFS('Test Cases'!$B$5:$B$42,$A22,'Test Cases'!$K$5:$K$42,"Pass") -> 1 | D22: =COUNTIFS('Test Cases'!$B$5:$B$42,$A22,'Test Cases'!$K$5:$K$42,"Fail") -> 0 | E22: =COUNTIFS('Test Cases'!$B$5:$B$42,$A22,'Test Cases'!$K$5:$K$42,"Not Executed") -> 0
A23: Registration validation | B23: =COUNTIF('Test Cases'!$B$5:$B$42,A23) -> 1 | C23: =COUNTIFS('Test Cases'!$B$5:$B$42,$A23,'Test Cases'!$K$5:$K$42,"Pass") -> 1 | D23: =COUNTIFS('Test Cases'!$B$5:$B$42,$A23,'Test Cases'!$K$5:$K$42,"Fail") -> 0 | E23: =COUNTIFS('Test Cases'!$B$5:$B$42,$A23,'Test Cases'!$K$5:$K$42,"Not Executed") -> 0
... A25: Responsive UI | B25: =COUNTIF('Test Cases'!$B$5:$B$42,A25) -> 1 | C25: =COUNTIFS('Test Cases'!$B$5:$B$42,$A25,'Test Cases'!$K$5:$K$42,"Pass") -> 1 | D25: =COUNTIFS('Test Cases'!$B$5:$B$42,$A25,'Test Cases'!$K$5:$K$42,"Fail") -> 0 | E25: =COUNTIFS('Test Cases'!$B$5:$B$42,$A25,'Test Cases'!$K$5:$K$42,"Not Executed") -> 0
A27: Notes
A28: • Scope: the eight areas required by the brief (TC-01 – TC-32) plus admin, validation, booking-limit and responsive edge cases (TC-33 – TC-38).
A29: • Environment: Chromium (Playwright), desktop 1280×860 and mobile 390×844, fresh browser storage per test case.
A30: • Business rules are also unit-tested in prototype/tests/rules.test.js (npm test).
A31: • Limitation: the prototype has no backend, so concurrency (TC-06) is simulated with an in-page demo control; production needs a server-side unique constraint (NFR-03).

Sheet Test Cases
A1: Hospital Appointment Booking System — Test Case Sheet
A2: Executed 16/10/2026 against the clickable prototype (prototype/dist) with the browser clock fixed at Wed 14 Oct 2026 08:00 (Europe/London) unless the preconditions say otherwise. Automated with Playwright: prototype/tests/e2e.mjs. Status column has a Pass / Fail / Not Executed drop-down.
A4: Test case ID | B4: Test area | C4: Requirement / rule | D4: Priority | E4: Test scenario | F4: Preconditions | G4: Test steps | H4: Test data | I4: Expected results | J4: Actual results | K4: Test status | L4: Executed on | M4: Executed by
A5: TC-01 | B5: Successful booking | C5: FR-20, FR-22, BR-01 | D5: High | E5: Logged-in patient books an open slot | F5: Alice is registered and logged in; Dr Grace Chen has an open slot on Mon 19 Oct 11:00. | G5: 1. Open Find a doctor and select Dr Grace Chen 2. Select Mon 19 Oct and the 11:00am slot 3. Click Continue to book 4. Enter a reason and click Confirm booking 5. Open My appointments | H5: alice@demo.com / Patient@123; Doctor d7; 2026-10-19 11:00; Reason "Persistent cough" | I5: Confirmation page "Appointment confirmed" with reference APT-1013; the appointment is listed under Upcoming with status Booked. | J5: Confirmation shown with reference APT-1013; APT-1013 listed under Upcoming as Booked. | K5: Pass | L5: 16/10/2026 | M5: Automated (Playwright)
A6: TC-02 | B6: Successful booking | C6: BR-01, FR-24 | D6: High | E6: Guest selects a slot, is asked to log in, and returns to complete the booking | F6: User is not logged in. | G6: 1. Open Dr Grace Chen profile as a guest 2. Select Mon 19 Oct 11:00 and click Continue to book 3. Log in as Alice 4. Click Confirm booking | H6: alice@demo.com / Patient@123; d7; 2026-10-19 11:00 | I6: Guest is redirected to Log in with a message; after login the Review and confirm page opens for the same slot; booking is confirmed. | J6: Redirected to login ("Log in as a patient to finish booking. You'll come straight …"); returned to the same slot after login; booking confirmed (APT-1013). | K6: Pass | L6: 16/10/2026 | M6: Automated (Playwright)
A7: TC-03 | B7: Successful booking | C7: FR-01, FR-03, FR-20 | D7: High | E7: New patient registers and books their first appointment | F7: Email test.patient@demo.com is not registered. | G7: 1. Open Register and complete all fields 2. Click Create account 3. Book Dr Amelia Okafor, Tue 20 Oct 14:00 | H7: Test Patient; test.patient@demo.com; 07700900555; 05/05/1990; Test1234 | I7: Account created and patient dashboard opens with 0 upcoming; booking is confirmed and shown in Upcoming. | J7: Account created, dashboard showed "Hello Test. You have 0 upcoming appointments."; booking with Dr Okafor confirmed. | K7: Pass | L7: 16/10/2026 | M7: Automated (Playwright)
A8: TC-04 | B8: Unavailable slot | C8: BR-02, FR-14 | D8: High | E8: An already-booked slot is shown as unavailable and cannot be selected | F8: Ben has Dr Priya Raman on Fri 16 Oct 10:30. | G8: 1. Log in as Alice 2. Open Dr Priya Raman, select Fri 16 Oct 3. Try to click 10:30am | H8: alice@demo.com; d1; 2026-10-16 10:30 | I8: 10:30am is struck through and disabled; clicking it does not select it; Continue to book stays disabled. | J8: 10:30am shown as booked (struck through, disabled); click had no effect; Continue to book remained disabled. | K8: Pass | L8: 16/10/2026 | M8: Automated (Playwright)
A9: TC-05 | B9: Unavailable slot | C9: BR-02, FR-21 | D9: High | E9: Booking an occupied slot by opening the booking URL directly is rejected | F9: Alice logged in; d1 Fri 16 Oct 10:30 booked by Ben. | G9: 1. Navigate to #/book/d1?date=2026-10-16&time=10:30 | H9: URL parameters date=2026-10-16, time=10:30 | I9: Error "This slot is no longer available. Choose another time." [BR-02]; Confirm booking disabled. | J9: Error shown: "This slot is no longer available. Choose another time. Choose another time BR-02"; Confirm booking disabled. | K9: Pass | L9: 16/10/2026 | M9: Automated (Playwright)
A10: TC-06 | B10: Unavailable slot | C10: FR-21, NFR-03 | D10: High | E10: Slot is taken by another patient while the first patient is on the review page | F10: Alice on Review and confirm for d7 Mon 19 Oct 11:30. | G10: 1. Select d7 Mon 19 Oct 11:30 and continue 2. Open Demo tools and click "Another patient books this slot" 3. Attempt to confirm | H10: d7; 2026-10-19 11:30 | I10: Booking is blocked with "This slot is no longer available" and a link to choose another time; no appointment is created for Alice. | J10: Error shown: "This slot is no longer available. Choose another time. Choose another time BR-02"; Confirm disabled; Alice still has 2 upcoming appointments (none created). | K10: Pass | L10: 16/10/2026 | M10: Automated (Playwright)
A11: TC-07 | B11: Double-booking prevention | C11: BR-11, FR-25 | D11: High | E11: Patient cannot book two appointments at the same date and time with different doctors | F11: Alice has APT-1001 with Dr Raman on Fri 16 Oct 10:00. | G11: 1. Open Dr Tomasz Nowak 2. Select Fri 16 Oct 10:00 and continue | H11: d4; 2026-10-16 10:00 | I11: Error "You already have an appointment at this time (APT-1001)." [BR-11]; Confirm disabled. | J11: Blocked: "You already have an appointment at this time (APT-1001). BR-11". | K11: Pass | L11: 16/10/2026 | M11: Automated (Playwright)
A12: TC-08 | B12: Double-booking prevention | C12: BR-02, BR-03 | D12: High | E12: Once a slot is booked, a second patient cannot book the same doctor and time | F12: Dr Omar Haddad Mon 19 Oct 14:00 is open. | G12: 1. Alice books d6 Mon 19 Oct 14:00 2. Log out; register a second patient 3. Open d6 profile on Mon 19 Oct 4. Open #/book/d6?date=2026-10-19&time=14:00 directly | H12: alice@demo.com; second.patient@demo.com / Test1234 | I12: Second patient sees 2:00pm as booked; direct booking shows BR-02 error; the doctor has only one appointment at that time. | J12: Slot shown booked to second patient; direct URL blocked ("This slot is no longer available. Choose another time. Choose another time BR-02"); exactly 1 booking at d6 14:00. | K12: Pass | L12: 16/10/2026 | M12: Automated (Playwright)
A13: TC-09 | B13: Invalid date/time | C13: BR-04, BR-09 | D13: High | E13: Booking a date/time in the past is rejected | F13: Alice logged in. Current time Wed 14 Oct 08:00. | G13: 1. Open the profile: past dates are not shown and today's past slots are disabled 2. Navigate to #/book/d7?date=2026-10-13&time=10:00 | H13: date=2026-10-13, time=10:00 | I13: Date strip starts today; error "This date and time is in the past. Choose a future slot." [BR-09]; Confirm disabled. | J13: Date strip starts on 2026-10-14; direct URL rejected: "This date and time is in the past. Choose a future slot. Choose another time BR-09". | K13: Pass | L13: 16/10/2026 | M13: Automated (Playwright)
A14: TC-10 | B14: Invalid date/time | C14: BR-09 | D14: Medium | E14: Time not on a 30-minute boundary or outside 09:00–16:30 is rejected | F14: Alice logged in. | G14: 1. Navigate to #/book/d7?date=2026-10-19&time=10:15 2. Navigate to #/book/d7?date=2026-10-19&time=18:00 | H14: time=10:15; time=18:00 | I14: Both show "Appointments start on the half hour between 9:00am and 4:30pm." [BR-09]. | J14: 10:15 and 18:00 both rejected: "Appointments start on the half hour between 9:00am and 4:30pm. Choose another time BR-09". | K14: Pass | L14: 16/10/2026 | M14: Automated (Playwright)
A15: TC-11 | B15: Invalid date/time | C15: BR-04 | D15: Medium | E15: Time outside the doctor's published availability, and non-clinic days | F15: Dr James Whitfield works mornings only. No clinics at weekends. | G15: 1. Open Dr Priya Raman, select Sat 17 Oct 2. Navigate to #/book/d2?date=2026-10-19&time=15:00 | H15: Saturday 2026-10-17; d2 15:00 | I15: Saturday shows "Closed" and "No clinic on this day"; direct booking shows "The doctor is not available at this time." [BR-04]. | J15: Saturday labelled "Closed" with "No clinic on this day. Pick another date."; d2 15:00 rejected: "The doctor is not available at this time. Choose one of the listed slots. Choose another time BR-04". | K15: Pass | L15: 16/10/2026 | M15: Automated (Playwright)
... A42: TC-38 | B42: Responsive UI | C42: NFR-01 | D42: Medium | E42: Booking journey works on a mobile screen (390 × 844) | F42: Mobile viewport. | G42: 1. Open the site on a 390px wide screen 2. Open the Menu 3. Log in as Alice and book Dr Grace Chen Mon 19 Oct 10:00 | H42: Viewport 390×844 | I42: Navigation collapses behind a Menu button; no horizontal scrolling; booking completes. | J42: Menu collapsed and opened correctly; no horizontal overflow; booking confirmed on mobile. | K42: Pass | L42: 16/10/2026 | M42: Automated (Playwright)

Sheet Traceability
A1: Requirements traceability: business rules → test cases
A3: Rule / req. | B3: Description | C3: Test cases
A4: BR-01 | B4: Only registered, logged-in patients can book | C4: TC-02, TC-21, TC-23, TC-25
A5: BR-02 | B5: Patient cannot book an occupied slot | C5: TC-04, TC-05, TC-06, TC-08
A6: BR-03 | B6: Doctor cannot have two appointments in one slot | C6: TC-08
A7: BR-04 | B7: Must select a valid available date and time | C7: TC-11, TC-12
A8: BR-05 | B8: Cancelled appointment releases the slot | C8: TC-13, TC-14, TC-16, TC-26
A9: BR-06 | B9: Reschedule only to an available slot | C9: TC-17, TC-18, TC-20
A10: BR-07 | B10: Doctors see/manage only their own appointments | C10: TC-24
A11: BR-08 | B11: Admins manage doctors, patients, appointments | C11: TC-20, TC-26, TC-33, TC-34, TC-35
A12: BR-09 | B12: 30-min slots, ≤30 days ahead, no past slots | C12: TC-09, TC-10, TC-12, TC-30
A13: BR-10 | B13: No online change within 2 hours of start | C13: TC-15, TC-19
A14: BR-11 | B14: Patient cannot hold two appointments at the same time | C14: TC-07
... A21: NFR-01 | B21: Responsive UI | C21: TC-38
